customer_id,annual_spend,purchase_frequency,avg_order_value,discount_usage_pct,return_rate_pct,days_since_last_purchase,cluster,segment
CUST00111,2330.3270930637573,45.064471333866166,108.78083294011114,7.945412832818813,1.4964883043729995,9.462194869057587,1,Premium
CUST00420,40.374012183281394,8.314752240464994,31.745394480181353,30.46326084394215,13.007335878197631,63.42591552501577,2,Budget
CUST00566,123.50774386621194,3.6119133522847164,12.20040532732524,59.08528532201855,3.8725950090853383,70.14892197368545,2,Budget
CUST00078,2247.561907323014,31.32553116809949,117.16123547715192,9.680754394899749,2.558065364427292,13.42763258368851,1,Premium
CUST00182,2265.814750409157,45.85730410916316,116.87304679469335,7.681081744572766,0.0,7.564057190406685,1,Premium
CUST00285,709.0702672176052,15.110438121114143,55.407449136687866,8.936855593562637,9.067221676081417,23.66847308969735,0,Occasional
CUST00011,2463.8193924588486,43.49541525413608,110.35629205114358,3.862767793302404,2.5958335092211917,1.2955607392655644,1,Premium
CUST00470,180.96776491656024,3.688513075135372,29.577939361498196,44.85615442026918,5.72600959035846,59.04600625521971,2,Budget
CUST00079,2387.677118190201,45.14685771853319,140.12678124724536,9.550812565048059,2.793159772850733,3.240244744787298,1,Premium
CUST00350,683.6282272657999,13.582036425450033,78.39283724484433,41.00770481272123,6.3820874269694565,25.99565612325251,0,Occasional
CUST00056,2008.3366455269975,42.66402545637047,143.2038118663415,9.277601055164915,3.027970443730585,9.4160436994704,1,Premium
CUST00119,2680.5336673962747,43.93750360756912,157.95630816821097,6.596190471128088,5.726857424171397,6.0561034154087725,1,Premium
CUST00110,1681.8038730422954,48.39386963245967,149.30160419000612,10.589938762837898,0.8475095993624637,7.5206604880825925,1,Premium
CUST00589,198.5647703855955,3.8466030221449956,26.77586222141017,50.71233927679821,2.802971294623026,33.00513866553534,2,Budget
CUST00370,843.938578862511,5.651606796807033,107.14353455144588,31.372352244159977,4.151474747476429,26.311263067065916,0,Occasional
CUST00235,749.0514803183972,12.9477944461838,69.24602882014985,29.629293070521335,6.34124446045843,12.61216176053357,0,Occasional
CUST00031,2842.4942802611386,29.21934798897798,119.18912121684932,14.443747980047577,3.7918677488616472,8.562903178163364,1,Premium
CUST00213,672.1064984220927,5.728278334278006,64.36132068433334,27.190430762588157,7.976392105098578,30.333491725269383,0,Occasional
CUST00185,2328.626931538484,28.392332377286877,154.28792965261317,8.045781756365864,3.748772903412526,4.968083970145421,1,Premium
CUST00087,2059.179297939183,39.58230322613912,124.41035206549161,11.163206884715956,5.489894757292891,0.8056710206034481,1,Premium
CUST00003,2425.135358741937,38.54350944141047,156.41056950834837,13.097788867764956,3.689209809500715,3.7565808024924245,1,Premium
CUST00588,264.60971971811614,4.887117806225786,37.688030647678936,46.32117176870993,6.997527416045387,48.04810400090857,2,Budget
CUST00536,242.73840721255596,4.19443411778752,5.0,41.50084773877414,7.874520032377196,24.964192360431458,2,Budget
CUST00597,254.27302127512382,6.120658356464514,15.319577202487727,39.37864315103788,5.384482841676501,38.586682780057195,2,Budget
CUST00369,886.845244025781,14.918862695134834,51.23369693873729,21.556333332304334,3.7848702573686754,12.934402950759004,0,Occasional
CUST00540,217.87429968402887,7.78414184194851,18.9942030538791,78.66635142332576,2.4878311441951553,32.7874502702083,2,Budget
CUST00073,1924.1643141995166,37.41628040951906,134.3127232391981,5.144500703854064,4.448565354912456,4.312122039343076,1,Premium
CUST00136,1895.3262756377376,30.700639103713232,152.74941805302242,8.632476339620437,4.179093772071204,8.865332747954756,1,Premium
CUST00557,54.04761944632537,6.277518763351954,29.249785828740652,87.06116055708023,6.514152129688903,41.82680095379207,2,Budget
CUST00438,196.58486185522526,4.5720937122783765,26.845378419045005,53.84939676920835,11.965127067940086,46.502544569902106,2,Budget
CUST00596,130.63787861525395,6.351213266328957,18.86830532641865,67.70263379370178,11.404367349657175,82.39108299957778,2,Budget
CUST00164,1953.583996232684,31.648783508129544,124.68929445140574,10.54762513348884,2.78054509661142,0.47802305668085765,1,Premium
CUST00083,2091.0838460304785,43.56463088934908,141.83040356346416,13.00690003426078,0.7777901981648836,6.297783355178456,1,Premium
CUST00258,694.2192607234881,12.362970255008692,38.60276438456802,33.34994718176395,0.5693600367395515,21.973465196885954,0,Occasional
CUST00193,2085.0438036592036,35.16934379816998,176.42597701626218,10.044887258190139,6.588740109200717,4.230037650800742,1,Premium
CUST00454,130.34494555592033,3.3463817892138525,26.947191331204316,54.090742282482104,12.864518724016424,55.81838059199688,2,Budget
CUST00133,2390.5452840443213,33.806417428527524,131.02871583943292,10.194955275456506,5.330615071094353,2.9424419714700716,1,Premium
CUST00516,144.80906094480213,5.135110968161649,40.55678233808183,63.98576663178972,12.452602954816555,40.43283288380209,2,Budget
CUST00442,214.27044397746283,4.824187025261571,33.76851386445745,53.5716579207985,5.589227541460721,45.69769755322112,2,Budget
CUST00276,703.5032974171833,11.348804013469572,40.774236641228185,10.372837508467981,2.141609889873627,0.0,0,Occasional
CUST00365,643.0470212286158,8.239115164297132,49.2216909065238,19.12489794086959,7.81498012703662,40.25523742193742,0,Occasional
CUST00030,2329.246300902365,36.275699830704944,147.8565493651984,0.0,0.0,8.13659682436904,1,Premium
CUST00507,271.3020271642175,5.800619816619347,34.140713782320915,64.10023639172879,10.93857404524681,42.28153448179948,2,Budget
CUST00571,316.37950955876335,6.935450773558948,33.22442852319347,67.7705138662961,7.9793432999141825,55.88561974978083,2,Budget
CUST00025,2071.501653351068,38.54293868976725,122.23732292532695,9.884545173599717,0.0,0.0,1,Premium
CUST00183,2076.721830749879,28.38644275364645,134.1244215969574,15.190244666578561,3.458963430927213,2.599364910194449,1,Premium
CUST00474,215.0501444011374,5.9703964629554145,9.839633200416952,64.24838538513715,7.491228500843715,53.25650266402178,2,Budget
CUST00105,1919.914695997037,37.632053925026916,80.70942324316698,12.196694485765398,1.7555851094105641,1.7079869763588693,1,Premium
CUST00064,2375.8666994077835,34.6680366870859,98.54033128017417,6.630636245344471,3.1679620066289087,8.396703716537743,1,Premium
CUST00491,228.918964330298,2.4410064081722043,18.459532813360276,69.8579236178782,8.131425547694743,26.814475604104114,2,Budget
CUST00246,710.1979939076633,13.16016158593414,65.80186868926211,8.698171938122258,3.016994674514642,15.035851034810708,0,Occasional
CUST00249,674.2653234675478,10.773737514851769,62.320172464791646,21.923599119856668,6.306769978942247,19.562364505205828,0,Occasional
CUST00102,2589.7684893358196,28.796831570503173,157.9036996394337,7.019757395237191,3.2051063674525335,6.842297531337871,1,Premium
CUST00556,157.19771626846824,2.6048234219316857,16.855059107850515,45.68230710221963,0.0,41.20916531140412,2,Budget
CUST00592,309.51954064229005,4.782926734629687,38.019210715717485,45.13797644310935,2.0935732755048866,65.20984862420337,2,Budget
CUST00357,643.5681844324803,9.08555805896189,90.64915931018106,32.26450274814388,6.997596939292922,21.200649042760194,0,Occasional
CUST00210,744.6266606778332,14.052799244308725,59.24298611438382,32.68587446075571,7.877026714788462,16.526396533928917,0,Occasional
CUST00166,1929.121846573892,46.88873328595384,154.78825344601896,0.8655554811432662,0.2705166955968692,2.4174749644292897,1,Premium
CUST00138,2451.4379703683144,39.87205682930746,162.95625321467128,11.228033127777882,2.824246515168759,5.11168350926473,1,Premium
CUST00196,1931.5818943132522,38.829448592352094,131.52786787078324,7.509261450019491,3.705440326052686,10.881453802349082,1,Premium
CUST00077,2071.8242060990397,33.4216567418314,161.27703065468717,17.530409130736295,2.9753614141413776,8.957039593224188,1,Premium
CUST00177,2673.7273769231306,36.769029866803734,166.7237220002434,3.626114518152068,5.20935843080506,2.7140766250692265,1,Premium
CUST00330,811.3043354469236,14.469126321969034,65.56284848509398,30.859422478102708,9.205386201732894,27.997392158975913,0,Occasional
CUST00537,128.07943007388997,3.111154243193817,10.864304814959565,70.18929910199867,8.012704817953658,59.062843826246365,2,Budget
CUST00549,75.90143507727403,4.666448531996028,30.80823226431313,76.32063816541145,11.157218211771497,33.58702882427735,2,Budget
CUST00071,1817.2941029986234,33.67065179874292,146.95416904901913,11.13937614643254,3.5577285692944773,4.409342903888271,1,Premium
CUST00562,182.76348831462693,1.7660811996701078,24.780533166530212,61.56000439139782,0.0,46.70055807037835,2,Budget
CUST00590,217.45105634817196,4.101033140460592,36.069762889543995,38.65539002976817,6.956661763787938,36.794929187325074,2,Budget
CUST00082,2001.4222176800047,27.532484078154845,168.66429013212345,10.500340804992614,4.895299219696599,4.5462570597608725,1,Premium
CUST00317,669.5587084486945,9.140493752409961,56.244794647907284,20.071607795550996,6.188094909710142,17.69371633498145,0,Occasional
CUST00305,662.3346117944632,11.153064789822423,68.55239175182041,29.95284014771882,5.160969506601321,22.954864477599237,0,Occasional
CUST00007,2238.3521209501855,32.940618378242775,137.6491566534374,11.051705929347747,2.735542686937656,7.01023772660657,1,Premium
CUST00424,153.85619470999563,5.4229203047278345,16.75038345248332,45.853648827553016,1.6235181953299005,30.323386799378483,0,Occasional
CUST00375,696.3553924343777,6.185602880273477,81.79251021204374,14.277150335830369,7.0051271026122395,17.16242157632258,0,Occasional
CUST00430,289.3233132805706,4.915132379841784,44.95141604582392,58.27546905836066,3.1889698129514112,56.8876111750891,2,Budget
CUST00538,82.68449239018744,4.529698706771129,36.37301582465767,67.78822209664057,10.95196548321835,39.97601944089589,2,Budget
CUST00313,598.7329071784808,15.582420973257381,74.6148607909246,29.414870172250335,8.73371413370684,30.950277055228504,0,Occasional
CUST00239,792.7286071997951,7.010730121223324,65.1242286493689,36.82623148572847,3.0189063686805504,12.779947948453668,0,Occasional
CUST00560,269.40746053779435,6.743950999438015,40.607547861493536,46.62134248320913,9.662448600930606,32.60485234756638,2,Budget
CUST00433,118.90106805832451,4.888629894700012,32.763983846909845,40.24591123168483,4.6988464791145015,39.88655130832474,2,Budget
CUST00287,501.0405845022177,15.5122343156328,56.9252569570763,16.49152216452226,5.714142638958196,25.579906495368,0,Occasional
CUST00427,306.4130839966888,7.7061471550841185,39.737205268546106,63.82880032336197,5.341694886690595,50.712438792565095,2,Budget
CUST00599,65.17321591026443,6.14672494034589,31.55558058094318,67.29708080500927,1.5670293515498583,18.375854331319097,2,Budget
CUST00362,837.446716161185,12.559697248156453,53.335911083776,19.876079425156593,3.1681394258339934,12.015811253648977,0,Occasional
CUST00074,2349.1482232161293,50.55900985358357,143.70651298830765,2.732679155767034,3.1260047366693993,0.2216172208354168,1,Premium
CUST00040,2395.1778363474104,34.82336343580356,148.55780881389833,10.098029501144344,2.3281215499197048,7.032204106076907,1,Premium
CUST00156,2730.378974073965,39.39726812082301,133.85833563330846,12.544194734221714,5.741081977228264,5.331839367736033,1,Premium
CUST00219,520.6961538552846,15.884556027291646,69.8601878628497,28.871858351612218,7.745551317921236,14.80589664311891,0,Occasional
CUST00371,472.7867836309691,12.100514844864133,58.229233235534075,23.11332604948655,3.4475411328519217,11.19470988612512,0,Occasional
CUST00211,833.0138581607108,10.324605024299846,69.32328594635486,9.377475759614015,2.2063740241562577,26.323147815729378,0,Occasional
CUST00236,581.1211254313129,11.666204867093626,81.26772741394949,25.703703170648016,8.210509592760154,11.648447428250863,0,Occasional
CUST00547,161.286521264676,7.092104502095799,37.80037825055686,65.02737913463494,10.026537524326118,69.08225074190946,2,Budget
CUST00061,1695.1390685152587,36.57095753615201,146.27816422915106,1.232149403320947,1.0359611603393988,4.538944686913947,1,Premium
CUST00301,708.022244023285,9.734820337675975,48.08070464741496,20.563420754876425,6.769976192136785,16.078222799689797,0,Occasional
CUST00260,627.6651281945618,13.429277690842508,66.929323887369,13.824303537990948,2.721314276703752,24.407395047148324,0,Occasional
CUST00281,879.0427857784566,13.799913365386193,42.48995895827242,30.7988373724496,7.221791681206406,29.881979106482177,0,Occasional
CUST00229,783.931055592425,14.618638113791144,70.62593227838511,17.991120606176338,6.61623158088378,37.486910131341006,0,Occasional
CUST00012,2433.3375806286845,30.041643693562616,93.3276776030339,8.941104446353053,1.8442117838446883,9.326914373558733,1,Premium
CUST00413,77.83328328640141,3.7940433748659927,21.635933252504874,49.94616420811414,11.81659256655914,46.94114305343803,2,Budget
CUST00084,2085.4786318005013,40.72652202928618,151.61554190659592,5.914708325450861,0.6560568141984104,5.185749451039878,1,Premium
CUST00091,2399.615532691836,36.488135730758685,161.7057400889182,9.256308895479197,1.3339265544079768,3.2117333010315,1,Premium
CUST00209,1042.244931591409,11.964821242057715,61.73472959848015,25.317548212780494,9.566352343061622,24.886759331286832,0,Occasional
CUST00539,216.86640737354847,9.91648721147312,21.78996048544141,61.44920625072805,4.684171251805465,57.94638680416362,2,Budget
CUST00336,978.9242211434967,8.162288987432529,78.7193608098027,37.83383283748011,4.94542579457012,20.67729024586211,0,Occasional
CUST00080,2107.1960380839287,39.57649535088283,191.95347453191664,7.33228827956574,2.944035086939564,9.30590046993632,1,Premium
CUST00435,165.44285715598355,7.280418957873471,28.94614235071279,68.09900343252967,7.061076953804024,25.811190417371,2,Budget
CUST00141,2324.322829982799,24.2522629484114,106.27063697531796,12.006981590606028,3.4232194655901003,10.156385009149577,1,Premium
CUST00282,374.4076885306883,14.2532522940657,49.618848083331436,36.37685079938845,7.161176188187231,20.106844732349384,0,Occasional
CUST00269,797.5373508367546,6.291454391255035,69.22933801091236,22.033774644303506,7.592081814074199,5.2293039110361565,0,Occasional
CUST00415,246.598178586342,1.2863791961196682,25.057656483010962,66.84696823580092,13.067908192951425,28.41247226771823,2,Budget
CUST00200,2150.967130442646,33.77196042278071,104.50075880715744,8.15565282760584,4.647506263752364,1.8251568474870883,1,Premium
CUST00465,137.83470241072774,4.154878034402508,16.311411339100168,51.51921071275298,7.038151357225158,52.37178884909385,2,Budget
CUST00576,202.87628340485853,10.269481508830001,27.54398955531238,33.86452714428946,6.567008211203532,16.530967222477557,0,Occasional
CUST00585,207.6131183661038,5.769537088409986,14.429087426837846,63.28109698210474,8.706085353638398,49.635035341285516,2,Budget
CUST00372,824.368160659908,11.120256818934658,66.08026462875578,22.546421697392503,2.767250257188862,18.09250919215758,0,Occasional
CUST00400,488.5270856578285,7.729624923820456,58.35481770137799,42.71322092633529,3.5598287629599707,24.709626225721205,0,Occasional
CUST00341,580.3175854572257,10.9564007079966,59.17050228399773,14.803052783875952,5.715104068221985,31.835697150817545,0,Occasional
CUST00149,2519.794069236293,28.510433603276347,154.13699281798102,6.51313321365722,3.765771472770099,8.057131079725288,1,Premium
CUST00495,245.43959616528792,7.798272763392175,19.70204144540326,76.9145121628816,6.668024465343731,66.61218897006395,2,Budget
CUST00440,172.2158278086898,3.829623102145977,25.6031963451685,54.13601689072254,4.3936258663681755,73.87519202603778,2,Budget
CUST00146,2075.3928219460945,25.620570339171543,136.8163025723988,11.723352905402118,2.2886033688579306,7.070313274292037,1,Premium
CUST00010,1944.086821727926,35.99525935579513,114.07055343850479,10.152137759713003,3.434462389621049,6.136527810375183,1,Premium
CUST00376,754.6801733549894,6.950442804571338,69.45373806104169,31.15885514444284,6.155094964285844,0.4860028914190764,0,Occasional
CUST00524,71.97127849594916,5.359293361560107,19.84435388093827,61.55334197070937,12.115318868484126,21.215949380996165,2,Budget
CUST00189,1789.5522402263005,39.657645075971324,144.7089673661986,3.6702912104468526,2.394760481059107,6.838896141423797,1,Premium
CUST00132,1786.9941557331074,41.825202865386174,121.17755808150083,8.233097323741786,3.896648131946319,4.210779726630942,1,Premium
CUST00573,268.40478488650535,4.511342289640941,24.75404934191576,66.71998443973756,3.0911681461558738,50.44894618871296,2,Budget
CUST00299,526.3803051649867,14.847908091964205,38.93428107294302,21.400236945082806,0.5755678593877622,15.940795388796598,0,Occasional
CUST00587,184.96309211179133,5.02160416971203,26.684277366313975,43.226807590381426,8.906308163196739,29.645283574501637,2,Budget
CUST00447,157.43374856642507,8.280708187796622,20.458222853978388,60.823639396757684,5.624760085901107,38.67994088031451,2,Budget
CUST00085,1841.248106323288,31.337415893513132,138.86433611214616,6.258370108224151,0.813352284225235,5.331187176836655,1,Premium
CUST00593,208.18949539229797,3.4284074612344537,24.527662261559556,56.035046034700066,5.817284633317654,72.01485901033105,2,Budget
CUST00178,2247.9974840720315,25.978866247600916,164.95899970118865,9.587965217995361,2.175326255590539,5.445881285908492,1,Premium
CUST00154,2054.1076272780006,42.882582139797265,180.70146605462133,16.195022603453147,0.6751424397201391,3.315550919651349,1,Premium
CUST00453,212.46785029308242,7.573180262574466,35.94775515012104,44.157586641084734,3.3793425572921585,74.11300408772803,2,Budget
CUST00197,2392.9980384067135,42.560798512255126,129.58823174289176,11.982805543599694,4.533645743568488,1.3160003575325074,1,Premium
CUST00076,2407.1456062203306,40.315079315339005,133.2148303223197,9.397402490241719,0.0,5.680358138327406,1,Premium
CUST00093,2073.010506386754,46.82895183795894,134.27502532888616,11.80821461255956,2.1832227454905473,7.384796758746883,1,Premium
CUST00297,463.6571009244077,13.291189856372993,58.013477527128835,12.591844701215562,8.612468311099917,40.58013949575784,0,Occasional
CUST00069,2457.3927643771462,38.3189320854672,162.11986739814597,5.9091252153212785,1.8302517301339987,9.335377870779602,1,Premium
CUST00016,1942.2122611350285,44.01654695182762,143.95580163883704,2.869461398957913,3.622905668606879,1.9368645179650343,1,Premium
CUST00205,602.4154569391612,9.67739438901766,60.31466837516195,25.738832306035665,1.7856253571690175,28.64684963960697,0,Occasional
CUST00159,2050.2113204382545,32.81992841156371,115.11056424797849,10.558505637991608,2.9961602936473075,0.0,1,Premium
CUST00089,2344.223997671773,36.24697288517867,122.96925621628463,6.164638027402797,0.0,6.959734649843681,1,Premium
CUST00498,48.447390551555486,5.29126062868777,25.628941356254302,47.122166718175315,8.75630778116826,61.18973484648181,2,Budget
CUST00118,2206.5556436570328,33.81545706019834,126.2325543553848,10.742996141098647,4.058826814251445,3.9161887249896634,1,Premium
CUST00383,652.3842167743477,14.200809984105764,28.454365051290168,25.248377603908434,0.4125457421256149,7.737080973178342,0,Occasional
CUST00406,81.15022205715368,3.2050140582906756,25.869617222507276,49.449743392686095,7.628621388360653,26.285583012843112,2,Budget
CUST00034,1955.8681815256366,45.2351217253294,103.38188348304939,0.2526478375192589,2.2403869764202096,6.455483337637213,1,Premium
CUST00001,2291.415123926329,40.0254472927936,136.40777172337084,10.061641611603243,1.3099093440616978,4.822152061922203,1,Premium
CUST00594,222.77984552070595,3.967404806276983,44.12178168521443,40.832867922958116,4.811633116934182,51.722132169400595,2,Budget
CUST00532,212.53171714345535,2.396130859672991,31.95740605355593,46.963822863133565,8.86128299992564,42.19862797793471,2,Budget
CUST00354,752.8940805875759,10.5381216235431,56.515418774674416,19.768294930904624,2.7732831415709533,21.58045026022003,0,Occasional
CUST00333,831.481540612228,15.925918997232463,61.78437335442329,18.094514701245785,4.8658821248055695,22.086035073129338,0,Occasional
CUST00535,169.5019177971493,4.948721879304651,18.958244644663836,48.68191964180662,9.224822612356608,52.06875686768841,2,Budget
CUST00245,856.7309218681642,11.423889359781294,42.61841246790512,14.517626001876486,1.8625522459542365,23.938375295504294,0,Occasional
CUST00023,2566.762401602209,39.05944015072227,128.1119929560253,9.075653790714403,0.6758409745314258,6.229485371986078,1,Premium
CUST00441,184.206789523993,6.177280303474806,23.65700744458951,70.11647023456487,13.454638826965194,74.73390450218385,2,Budget
CUST00117,2269.8028634064112,38.39927489515523,153.36652036215995,1.7460882085252463,5.872603513126582,8.401041436270106,1,Premium
CUST00090,2333.959352808983,37.37907039160424,153.31170472626857,6.300905088827635,0.0,4.16989972974286,1,Premium
CUST00366,756.5421678543058,9.460747344114173,62.835734322196174,28.8807509479769,9.74163426342735,31.840793629711328,0,Occasional
CUST00212,626.6383797821615,20.918927365638194,61.21438812523275,9.20932904112829,11.331548520773172,27.836682729247784,0,Occasional
CUST00019,2463.5350903921817,37.0729659245006,138.61724130547722,5.544092794428412,3.5464080457042453,3.989504097078221,1,Premium
CUST00408,158.7247471649185,4.607003159203785,9.675478684248047,67.72392645735633,10.28179805538415,70.06681842844871,2,Budget
CUST00321,585.9236727892953,6.927944332624012,80.70972929110638,16.250103506266633,7.665437045834493,23.355719142825986,0,Occasional
CUST00145,1956.1176714069022,47.697258089907244,134.9324486210397,8.396139284028804,3.578718313914222,5.043583645812706,1,Premium
CUST00290,823.6299429693794,12.714963853145308,78.09584900139114,29.342865795820767,7.403459348728971,7.3572854572357205,0,Occasional
CUST00275,606.459896611268,11.236958158661805,61.58870881034174,16.484218030990622,6.169490075979698,21.01493581036674,0,Occasional
CUST00542,204.46370217708233,6.295148206123372,35.12127956390661,91.38114898132761,12.056457622007159,50.28004430906447,2,Budget
CUST00361,643.3290200862592,10.431840816517074,47.356995250348504,26.31456527505533,4.43538406564085,32.559987879991574,0,Occasional
CUST00251,845.0948853764158,10.697819953921872,57.40095956043196,19.867658233737227,8.300601879987182,11.707344201042744,0,Occasional
CUST00288,696.514943372445,6.507987932457843,68.71921341277812,26.597080143292118,4.596071060027123,38.21944358844878,0,Occasional
CUST00529,244.94111578750415,8.682511228853809,14.196628655556916,46.28626716776368,6.304593247277758,21.89468436227384,0,Occasional
CUST00401,153.23583729246997,3.9124343912945534,22.923087749233805,69.98827236248194,6.705321236566324,50.984728510535184,2,Budget
CUST00168,2315.485289831759,33.06649989625808,126.94167710670575,5.7752321646035,1.5156158120051266,10.405225843241439,1,Premium
CUST00055,2058.888203712161,36.52833292434734,141.38762270265556,10.34903666721117,3.557151829023612,0.8680530334388976,1,Premium
CUST00494,134.2805085703806,4.268566428707581,19.694609994905882,45.590292478355096,11.215814023981295,48.62178239403644,2,Budget
CUST00047,2461.428633384457,31.419286529272163,161.34444833143965,10.461027067874245,9.35770735873507,3.3870122692909326,1,Premium
CUST00094,2176.0845367280804,22.600049354412214,149.07931158617393,0.0,3.077162245961834,5.541091829079194,1,Premium
CUST00265,692.5661743672626,15.95421296986126,82.87084460437121,27.319083807347205,5.072932904411251,23.820885838054163,0,Occasional
CUST00109,2452.0924412372187,41.49593145192624,128.8085542790102,7.113855537076798,3.1398391619896504,8.910695203424263,1,Premium
CUST00273,643.7582965226297,11.946336852300766,67.02685177802122,20.070458080074445,0.06675281289861523,25.05019784097261,0,Occasional
CUST00600,242.29739573902913,3.712877750098704,22.327034132957532,49.98077931563429,7.022640199269223,65.94137353867116,2,Budget
CUST00480,163.19588238714746,5.907991262893918,28.17126801765654,67.57635493140702,7.401119774840945,45.275913233569796,2,Budget
CUST00437,121.0138843405035,4.341581203281984,29.434640037059125,56.669340877139106,13.389310028811469,35.22938564898672,2,Budget
CUST00384,675.3023458684073,9.18772367640879,50.24876032011454,22.98349747677315,2.9928727627013476,15.863886200365119,0,Occasional
CUST00381,883.9050864866019,16.758488021150573,77.13792097779759,26.36500062831834,12.363430207901002,17.810368033457856,0,Occasional
CUST00463,170.72335448280546,4.305234332802937,18.732791568827036,84.66170891266563,10.322078114350381,25.2745634169337,2,Budget
CUST00395,419.31728259085196,13.511883991978793,37.217572168981974,25.70294109664582,6.519021418956678,12.900289402062722,0,Occasional
CUST00266,682.6751681051597,12.161026008001851,54.556819226301506,26.257862747489547,5.481386752669691,26.31493244535764,0,Occasional
CUST00481,288.99161976840634,7.465727486618018,27.44464153521984,49.403001927910786,15.974487469166261,37.51593675057081,2,Budget
CUST00518,266.1596410660628,5.323838734570137,39.647634310052524,53.16122847690143,6.32001961248711,44.09861628367303,2,Budget
CUST00070,2142.6087025355155,38.000506358548485,120.75817767316745,0.0,2.9068254593213214,4.767931460537437,1,Premium
CUST00232,531.5847351593508,8.284043331477681,52.53845177591997,25.45928057150526,4.519595372538372,11.379509369061397,0,Occasional
CUST00404,138.1465676042215,5.40941337204106,17.144721232393575,36.42600600712106,13.417980100822271,60.77782290791279,2,Budget
CUST00279,754.5547225514445,10.437289589603218,54.10977353448535,36.40263154776245,0.0,15.627697655772977,0,Occasional
CUST00473,199.66478819711696,4.071239215609103,16.411074166899464,36.14682708915259,8.29009005162565,61.43283617243714,2,Budget
CUST00351,662.0677830523254,5.731766999058247,53.38234907729907,25.451292537356565,5.809473976685194,25.212324965151673,0,Occasional
CUST00510,161.5723756148529,4.773292004320386,29.35101603289744,45.24431170431783,7.224393454324975,29.45065651253099,2,Budget
CUST00150,2247.1145702336034,46.855694288321054,153.25331940770968,4.427477513660549,0.0,8.090586209458193,1,Premium
CUST00125,2450.5333737743736,48.92387694588081,168.07642784133114,4.30845423241893,2.6676843161005355,4.447472760454335,1,Premium
CUST00429,178.98979657599443,3.366413641459488,11.685148853358394,44.908610335954506,11.462341151445152,73.15704712997464,2,Budget
CUST00466,133.554846901077,5.237593079805803,14.94094020014904,55.049594591858394,10.580571276126902,75.95841803485003,2,Budget
CUST00186,2660.7267975987975,33.235182259847456,179.94593061495988,8.995149239204332,4.26396296752279,0.8708375027661566,1,Premium
CUST00228,613.502906164946,15.684602985579168,88.85678446874034,37.470529982392684,0.0,24.634255770567464,0,Occasional
CUST00292,634.1419134842594,11.909258898697413,41.41207624996339,18.734561106278658,7.888212018306601,29.131846144825744,0,Occasional
CUST00248,428.8454710337601,18.065760402357615,82.54307220940825,16.05355346234765,7.493768802808136,14.043013148491495,0,Occasional
CUST00291,725.4559817714218,9.534827647231568,56.97782992672163,33.19610140341352,6.585311919428664,23.573292122231226,0,Occasional
CUST00250,466.09251470415865,9.627119260518564,54.587921582815014,30.291025519133665,2.6311288526786103,29.325376719070555,0,Occasional
CUST00444,224.3815505047754,3.086326574240707,30.854507154567102,49.093034934815364,10.032984747988907,39.398355504757276,2,Budget
CUST00552,173.5059997006216,4.212725057405912,31.038895139792345,44.09202766583539,10.681291319104517,27.229730345065136,2,Budget
CUST00553,153.98235089074873,1.7618563597636707,22.64344996270711,60.02198889460461,12.302683813214639,60.50714162098464,2,Budget
CUST00551,79.25337434257696,5.782992074696215,15.642591991804649,58.24582463332239,9.25977235020297,33.859817179482704,2,Budget
CUST00115,2221.638852314161,42.96792906078235,155.8161224338016,7.157239942547372,4.974810290092801,5.306093891721723,1,Premium
CUST00204,684.6404940083355,10.033377540138062,43.67354525983141,21.722808573055985,6.755563245885016,24.838332660404543,0,Occasional
CUST00142,1903.1385639904406,39.82620037418156,123.47541067272095,12.750900373047745,4.772787919135904,0.0,1,Premium
CUST00339,1106.611829082749,8.278941250919797,52.70369106843734,19.581806527925778,6.957284502070722,28.39598884690655,0,Occasional
CUST00008,2105.1272222969255,30.687121637458233,156.59038084048146,9.792397455744814,0.5115882422782612,3.875475611307171,1,Premium
CUST00522,286.9376275622827,7.579859397236482,26.794315195335397,57.226159679016924,7.747384244366877,45.60504608332036,2,Budget
CUST00020,2185.022226704124,33.82434432997578,167.07171779138795,13.804715396084257,0.7211419978168507,6.859105896447437,1,Premium
CUST00173,2063.504955897766,43.14076389539916,145.24071624148763,9.020853667423498,3.4462440368123324,4.649359440774428,1,Premium
CUST00452,155.81023938419708,1.2043710002004469,36.44735215059482,43.789131230224484,8.821068263248527,55.562855176847506,2,Budget
CUST00057,2117.457324631995,40.60859644679971,161.5248031493277,4.5238110085408705,3.6731662532108693,5.449527241961841,1,Premium
CUST00302,387.33967675172886,9.501586367139284,57.59897989425982,33.57043631143692,0.8565423135116355,12.879834001891176,0,Occasional
CUST00337,770.2829167759304,14.996891708803417,44.47498553673324,24.7336420838645,6.746801731189974,42.13948713625808,0,Occasional
CUST00451,147.89477079739729,2.8852265106734416,23.758957683740796,66.95030469246834,13.597507363831271,21.280338277335108,2,Budget
CUST00323,696.6628307726183,11.06349785086835,55.05947887467104,9.627963755610894,3.5726220451768804,29.122026247554242,0,Occasional
CUST00311,522.9998832299111,12.271652676677341,56.28559717202775,18.75653236284439,7.171364796161647,26.611258479146063,0,Occasional
CUST00050,2220.2737208466674,30.97060022704795,147.6675422636494,6.438144202148759,4.937995740551716,6.31253674585961,1,Premium
CUST00345,545.1404470667728,17.45540129973076,75.06842017420547,21.962588233214614,3.841555362064357,26.493885679972013,0,Occasional
CUST00026,2094.3599348535313,39.36936998083343,132.83966623851143,5.866190611341102,3.058219893153338,3.906685243206616,1,Premium
CUST00443,121.7028736192224,3.0612028445227586,29.643167718868828,44.32235212781908,10.038167062286153,45.95966567053282,2,Budget
CUST00221,693.3345748443469,11.131095367125294,73.66103866278876,8.138484899084776,6.044040419669134,20.74143556823203,0,Occasional
CUST00484,177.85051520004268,3.619768917696108,34.12650231489105,48.73105082282772,14.218054788462204,64.65059539300425,2,Budget
CUST00541,208.814469150706,3.294124364415455,38.14128234748987,52.729051641179296,7.607320836653301,47.65574021264869,2,Budget
CUST00043,2000.3470878133917,27.45362965186021,147.23843707857688,16.210739927783564,6.5073820534021625,7.095699036114516,1,Premium
CUST00417,135.3010236764615,4.984865406737699,13.300340921166779,47.42846083441443,3.7322997054682148,46.72697051261714,2,Budget
CUST00262,714.6120119436673,9.101555793929101,48.497966694135414,16.323115020510095,11.167079825986947,13.72176602275207,0,Occasional
CUST00409,37.66826831618914,6.654345599242444,27.226663516564034,51.7552413303597,13.083531284009897,52.401479822755434,2,Budget
CUST00278,943.0105463704076,6.171448348321775,70.46787556989203,39.47131633666217,6.1612576889715065,35.089513268448655,0,Occasional
CUST00570,208.16163957724643,6.539791962549529,24.74020540866036,40.73933374482077,9.498789110605387,57.76291355788789,2,Budget
CUST00382,269.9417569325885,11.387896495175148,66.43158557731604,20.516404249575395,6.703293349446293,26.322724654277632,0,Occasional
CUST00412,274.54065553023963,6.647441854087584,22.08457265548607,50.7610756980687,8.75393728158145,14.66329415934781,2,Budget
CUST00155,2183.865234754504,44.41082933593423,138.2581165789498,15.140673608288523,1.5757959162421225,7.093450517000014,1,Premium
CUST00127,2638.9908673658683,28.567758466080555,169.10091152541423,9.130347931677186,2.6605604071592435,10.31402372680305,1,Premium
CUST00310,647.8714881709722,12.529386025610691,62.540697499595055,28.483666687659344,6.634159425144802,22.091363301839746,0,Occasional
CUST00520,77.31161041617246,2.827930893931705,32.297219167814234,40.01508867150746,12.095564723639463,54.852277900802065,2,Budget
CUST00446,336.21757792502456,4.6871570417134025,16.637897748812208,50.51783203382983,10.347826704240763,40.06620194499934,2,Budget
CUST00175,1816.6187277041142,41.32469900794456,143.79686785674886,8.048212722407301,1.0005755426612373,4.7454484050139705,1,Premium
CUST00032,2078.0754950846153,34.455757916219085,149.49394176926404,18.197311810428012,6.122876403607147,5.608325144757102,1,Premium
CUST00114,1766.1826436834635,40.63395895242979,138.27798696357902,7.95166139684693,1.7556645994914837,4.278688408788971,1,Premium
CUST00024,2153.641155379359,31.4936715665998,110.38926974869968,5.521336263485546,0.0,6.848404004006715,1,Premium
CUST00174,1832.3182708698255,43.05092040134037,122.00610427024492,13.402500483810627,4.23362839937956,2.006444050267923,1,Premium
CUST00558,230.37408544645513,5.663083390267385,25.910396522722372,51.838272997851575,6.902340428115828,51.14626829434935,2,Budget
CUST00067,2095.3824783254686,38.932575966010795,134.13616826702477,1.5373666427172878,0.3156496672581861,1.7841123431293422,1,Premium
CUST00058,2648.4823933703187,35.743063572619405,123.08677934465305,8.709584458547761,3.8499317948722984,6.23351575404789,1,Premium
CUST00322,615.8868753868381,1.0012959214776984,44.034707553223946,33.21524597056496,6.13265100870055,30.062231606955542,0,Occasional
CUST00223,761.6473865351313,13.56212238527807,76.42782161063695,34.77382932974074,6.389789562498222,20.687947845981,0,Occasional
CUST00018,1912.3352197513004,46.02438864465646,166.55372264535384,8.966578086707004,3.488208777956704,4.178448483361288,1,Premium
CUST00300,555.1973207786855,7.27408372828472,68.05449768064702,16.39411233083814,10.63047856804366,17.551047612320367,0,Occasional
CUST00256,605.7272904794816,11.543160432888653,41.4923436412183,19.46453043060312,7.74932440697323,10.540395422348501,0,Occasional
CUST00306,327.8937235023188,13.994877764278893,93.54361193411252,15.712704348906088,4.463815742042619,16.054225235952714,0,Occasional
CUST00574,190.9748838077223,4.672471791755597,20.327765334223937,55.47175679229156,6.664452243631124,43.91381491754184,2,Budget
CUST00191,2717.099716234989,24.139379380204137,115.55251374920194,5.015606973389946,4.741111218839453,9.595336671803159,1,Premium
CUST00319,477.24167813088457,10.739302440459104,74.09436734163063,22.461706197980476,6.645294407457108,37.87508996958145,0,Occasional
CUST00528,157.7149358350759,4.660898568599112,27.214557834646566,59.95469674266881,9.256547209512615,25.146175478979163,2,Budget
CUST00272,917.4017201854456,16.5001756868321,41.029214370849296,20.505547651795283,1.7792575031944136,11.27642197959618,0,Occasional
CUST00095,1693.799669812591,36.578898412941896,133.82653888907174,4.6931798123324215,2.376507338355106,3.031835190077098,1,Premium
CUST00181,2591.8005225120473,38.647282666058196,91.80156068400251,7.795211552733613,3.926739612065374,1.038533047528888,1,Premium
CUST00332,538.7850979273429,13.23756628062778,64.53751228873723,21.771263051845327,13.013535357516496,7.579940213599565,0,Occasional
CUST00329,681.4286058505511,3.461225330092576,66.09912971878545,31.929801606868228,7.2668670573760785,21.355790969546085,0,Occasional
CUST00312,820.6855452377255,14.192513518568784,30.863953944173716,29.078565662208945,7.489029103022195,22.2339324314685,0,Occasional
CUST00006,1809.3461479413045,37.70768958841929,134.6832241616924,10.164526443218126,5.199959300684167,6.020629930605013,1,Premium
CUST00046,2265.606579018704,30.275464512355814,110.46284366308537,7.431987142369914,3.730948945285669,2.42238194427329,1,Premium
CUST00399,786.3319764999842,18.311072819727546,56.547928618623956,20.753425374962823,5.354552502686613,14.846333996908413,0,Occasional
CUST00577,131.05040112093405,6.111824062598885,18.725931928678563,65.35705021654427,11.500847722317863,50.094626500700265,2,Budget
CUST00469,219.716855365831,4.960196658186829,25.516717255545775,79.92053591030829,7.747830856295178,66.31613907104676,2,Budget
CUST00017,2310.6252352247498,41.22869262202356,161.78434993421587,10.855280545929599,2.1960148397415904,5.1565199559726,1,Premium
CUST00049,2403.6740689215685,55.43040301544244,162.29184889154755,8.657562811909209,1.5854709400970728,2.1331244977958064,1,Premium
CUST00580,262.3405405719911,2.978262164287365,43.397312556918706,59.560279588583356,7.8876148280483624,24.936844600606587,2,Budget
CUST00488,230.87752460782198,4.520457974212817,26.133253579128205,44.135617447818014,13.29303132715663,48.98292973674708,2,Budget
CUST00004,2482.169414917364,41.863632759661144,132.12517655550855,5.489649854252321,3.758560068730326,6.901731133201228,1,Premium
CUST00487,186.4263018005683,1.4870465585073718,29.09210961535353,41.05919969278784,3.5644910163079375,55.99362836156302,2,Budget
CUST00439,239.73235968976093,6.328584604111271,34.57071588296198,44.981786166741976,12.636638408855505,40.738514919588255,2,Budget
CUST00363,440.0186345186525,8.7336995701777,55.548762346164956,22.8328509834325,9.903475045956093,17.181879720401845,0,Occasional
CUST00434,186.1483420261894,5.010645720903401,17.034478185265545,59.28554411525585,12.479044748659826,46.60732609258985,2,Budget
CUST00303,792.1405657535596,17.300586915499355,67.12129210010816,29.823495550041777,3.8585415083438668,0.0,0,Occasional
CUST00226,778.5926431289006,8.354225507450838,81.98078432621267,30.390355149342064,1.584562946027443,21.87438688301518,0,Occasional
CUST00027,2359.692755666005,53.10484422520352,156.07170038757204,6.353446711135163,3.061834556065398,0.0,1,Premium
CUST00425,186.05620750410927,3.8959505419768465,25.073385985457033,52.95508411318021,10.020328175471034,87.21671179899242,2,Budget
CUST00264,632.926351400508,13.83882382005995,91.97431551384594,33.1927907187282,7.1390627418419506,18.440160911041705,0,Occasional
CUST00051,2286.7358196069954,35.790506259271815,137.3772493959331,15.391300051824182,2.276334925831317,1.2747334133648223,1,Premium
CUST00230,784.9281637862249,14.98199562609993,81.16765033617773,23.188363323646893,4.565750826738526,22.218316249686776,0,Occasional
CUST00038,1947.9530569112417,37.02400447673055,118.6049517742062,3.546447832312607,5.854970567369009,3.3266859620317293,1,Premium
CUST00158,2494.821853306917,39.62205943569035,119.35474658844326,11.420077297189115,7.48584062480597,9.418860716568723,1,Premium
CUST00238,785.5805554207728,1.0,79.60728607575963,22.93035278651416,8.989664653495211,19.278460692980893,0,Occasional
CUST00575,175.6069005609707,4.1448712708157505,25.952991434930222,64.32169238638176,8.966880464281653,35.87448756143972,2,Budget
CUST00176,2251.776375316636,51.96591860207651,110.90355029484422,8.811189107591117,0.9168247347574563,0.19938245286956757,1,Premium
CUST00515,187.4244008646834,4.717194658349244,27.85891977724539,58.44748913243637,13.349818480593857,50.35134435462537,2,Budget
CUST00358,623.9342079357637,15.086133039047677,99.01466305848882,15.378427312791759,3.5716388127080174,22.591922050177153,0,Occasional
CUST00195,1867.8862953869536,42.21172175732762,114.37861586308335,0.8531699545276883,2.7805316367396324,10.80138045556456,1,Premium
CUST00504,209.06720635490532,7.372285004237662,20.703224083471095,67.63173301138673,12.903959799263365,27.14274367967467,2,Budget
CUST00579,255.97827343016195,5.93099354833256,20.11920907154309,62.52531520178999,5.139949100881958,53.36363764237224,2,Budget
CUST00512,282.4060584251384,6.413065025795655,40.10339177223573,69.58578899797232,11.590455908878248,24.092472719480615,2,Budget
CUST00068,2061.29446220063,40.11053845039522,178.74462324859033,9.928267342102101,2.186112502454882,6.365071161042559,1,Premium
CUST00320,878.5620344940617,4.261877057147529,44.92426383014234,13.270512140243664,8.317619422748283,17.836824463236464,0,Occasional
CUST00169,2153.008630702573,39.21383715098716,150.96855841659598,2.880636169439918,4.848715514374868,3.764751746946052,1,Premium
CUST00368,899.2946600274154,12.6482382362515,77.6319043870645,24.29108843797466,0.8723216882695333,16.897696355605675,0,Occasional
CUST00163,2838.5409197305494,43.99894548146177,141.02284117104324,10.960056945217342,0.9953120386183976,4.23617549070191,1,Premium
CUST00194,2638.4332876726608,40.75631463029967,106.96481703641466,9.56505863973294,5.62961574301181,7.250365436410833,1,Premium
CUST00153,1697.595116588693,34.574338030869235,145.9283600161732,3.9397283770847356,3.9550586745335905,5.817935790296387,1,Premium
CUST00502,194.93481592050176,2.775911491281598,13.747994983902139,48.73313824548992,17.247196610926434,64.83203841117715,2,Budget
CUST00347,749.0265205582034,4.877047569746118,56.345054429337,18.982713055459836,3.1719602564059786,18.589072396085356,0,Occasional
CUST00486,173.14066991971515,5.28233803766528,27.427735206533356,63.87191230809884,13.036399214936022,61.2206219090572,2,Budget
CUST00334,740.514315129593,7.34068761415584,43.370318965399804,35.34807974767496,6.972267666960141,19.731172480350864,0,Occasional
CUST00104,2421.254670540126,36.028848661262636,109.94993087918206,7.772181835145884,6.176552214298525,6.558981720039508,1,Premium
CUST00391,599.2131964480485,6.454230986919227,40.124966516266326,28.12580020871117,8.178295084339004,4.31323521224374,0,Occasional
CUST00075,2242.7277208211694,47.440129414851455,152.38342233950786,11.34323158525735,0.0,2.2613660398435185,1,Premium
CUST00423,272.9934339677476,8.074715103795604,30.407830846455386,59.82313939694575,2.3539803210459596,60.96468279370774,2,Budget
CUST00578,122.17348876593668,4.072399117297131,23.999644673120926,57.12543796006036,7.883116323153265,47.79079265478283,2,Budget
CUST00120,2128.193311758093,30.930178261310807,172.57873895247982,3.910878873410682,0.0,2.034118551696182,1,Premium
CUST00397,790.3978669459748,13.283398585298428,60.09041854617464,27.4306994051005,5.459078931451398,16.46471986336248,0,Occasional
CUST00410,147.857107633836,2.3382454947730187,13.991653347414815,63.875574459838745,6.806617848539926,44.39486420198981,2,Budget
CUST00482,127.12569315383698,4.556807660003795,32.150389967483655,41.69436430074353,12.074415061985476,58.34019380658524,2,Budget
CUST00208,568.0735557011586,14.60699256561216,67.92894547219659,24.99549522301633,2.6672067143528384,23.501245388274448,0,Occasional
CUST00335,761.795737319013,20.035021544740555,57.25233886758751,14.199207054988632,3.603582765321054,16.067673390742673,0,Occasional
CUST00353,506.2176597652465,9.673114603191014,55.15443659677837,10.788813629261643,3.45976772134794,19.702005979582985,0,Occasional
CUST00342,764.1694597370699,15.35969042053119,87.16090497462004,25.758614877843005,5.003494410482984,18.47942661679404,0,Occasional
CUST00405,128.04360697006285,7.357909157183297,18.155788376731394,51.81567870022894,10.715861564508796,22.264621177297926,2,Budget
CUST00009,2194.9596527487133,32.73108579842749,100.13879257891688,1.257610730460767,2.3617868059782046,7.268744490889418,1,Premium
CUST00378,726.5892050423283,16.115123678982037,68.1600031658693,26.738185265828992,7.523185354914758,14.40782517516859,0,Occasional
CUST00037,2165.8157627035375,25.11626582156807,129.3219952325289,7.240304635910972,2.34747598995392,7.958408950882303,1,Premium
CUST00140,3074.158739802199,41.652568833346635,124.26868449791662,0.0,4.731937276834307,5.011388754864377,1,Premium
CUST00254,745.2956113778906,10.419023419986113,59.21555027715258,30.376914520771493,14.572315269419596,0.9498612790246348,0,Occasional
CUST00304,813.0782604900523,13.321159782466367,30.119429376885698,23.95979150801208,8.315622877109485,16.522404210214926,0,Occasional
CUST00543,160.76757729974713,3.3369544546672474,25.195589775358293,52.269647015641354,15.750212157946553,42.689500251362006,2,Budget
CUST00060,2490.4835063774444,29.75062514978011,139.48274304092288,6.704833182853597,4.333145337219067,6.334180454585699,1,Premium
CUST00112,2271.320680699683,40.634520073577455,134.0535327460473,10.806654592358267,3.794066600030982,4.184976848938123,1,Premium
CUST00364,829.3000075618202,7.412671671330236,49.14267688792589,23.110959265776117,7.900264623082047,23.842674367051035,0,Occasional
CUST00355,986.9432211597629,6.496345645593794,81.4878733332172,26.722421039532097,6.672891921544783,10.51852335574146,0,Occasional
CUST00263,819.366701461635,8.584963109650353,63.4600686343905,36.30010455968805,6.818587554077319,21.10564103482624,0,Occasional
CUST00526,220.94355058876755,4.25857923105379,32.18844224114093,61.679399988130655,10.135624004701894,68.52309670595749,2,Budget
CUST00298,600.7874661539776,7.399658023390546,100.61909825039648,28.624150050497374,3.5864201093255597,13.999986110011907,0,Occasional
CUST00151,2152.4095488883936,40.21013967620395,147.70075875312202,8.045805166682618,0.0,5.5521734938146965,1,Premium
CUST00267,574.5914327731319,6.8544266596652115,68.35951142560171,23.32774195178064,8.893652046718,24.867613891437433,0,Occasional
CUST00519,213.31440445676543,7.078738089837106,16.84191851694829,45.11043134392628,13.541098926612754,45.1886775352775,2,Budget
CUST00531,248.8953854709593,2.660779995042345,19.03106813645819,63.02101222343211,9.075964746560434,68.41779799764723,2,Budget
CUST00039,1952.6556352926282,31.62551352884262,126.91433446624889,10.318244569905909,6.674773350975041,7.417035917727503,1,Premium
CUST00432,241.65486423322932,3.0275197789668047,32.84538635461941,61.86231019164052,15.039482732481261,66.05205577151256,2,Budget
CUST00308,884.9352901154045,11.82746564143637,68.89711785208264,26.178578643891765,2.8581385608485688,20.1070065017269,0,Occasional
CUST00199,2198.463439983979,41.1803882336088,144.83319439641676,12.103347371540956,3.261528375823089,9.454756360201554,1,Premium
CUST00356,769.9266493295966,9.486515567522085,74.43194440415455,16.803768696695947,7.802877854099691,2.5084641699954595,0,Occasional
CUST00147,2016.3709602820577,34.45337944885337,144.06776481239888,15.190378089737258,3.671682513866047,6.419261594082426,1,Premium
CUST00471,152.33842316514972,6.382125131733755,10.251620660330323,65.30855269813283,13.325801878514127,21.820500817068634,2,Budget
CUST00533,194.680915529241,8.454836573256202,34.42547882253748,55.62198518791416,1.4577083822261176,64.60499330106023,2,Budget
CUST00148,2157.7627340750846,41.54543793676013,119.82927916113785,10.065190288405804,0.0,3.8472622613582894,1,Premium
CUST00421,68.32837892966663,3.630887951640399,12.674124029887345,40.295298406370705,14.707939068905876,45.1199104432322,2,Budget
CUST00349,837.3895453419398,14.204766914806777,57.62378870404798,18.030271423793486,4.906868121320274,32.016234014745045,0,Occasional
CUST00326,845.1199409387516,16.315516156118953,66.4640598874316,15.460837356460532,6.579544739439595,24.13362254918773,0,Occasional
CUST00514,228.29283395174275,2.719586286697684,7.119716016810671,64.3543530492574,9.552893701897212,61.13584451241288,2,Budget
CUST00124,2607.756272572131,42.50521393238756,136.1731202660988,2.0134452403866945,1.8571015616065254,4.292511913475441,1,Premium
CUST00503,240.52010135729034,6.670753987804462,33.16977831375306,64.3741744626849,12.757681687192724,54.537650073988985,2,Budget
CUST00097,1803.1901162936792,39.775963938122594,103.37187831569753,0.0,1.6479653886372625,9.737556508944895,1,Premium
CUST00144,2280.313438703151,40.48334171223616,136.4154674910049,0.5606583738174855,5.400612516518644,3.370487506831658,1,Premium
CUST00240,932.7820180183733,16.48336260561267,61.94327208313178,17.79446253029859,6.883778527675137,17.5602142502952,0,Occasional
CUST00426,248.02735635384073,4.6897337376388135,24.069866837517075,55.15884007362004,6.63208476908008,50.62886217250104,2,Budget
CUST00098,1900.8259517195554,35.76851251207226,133.28785263762708,4.145446222524784,1.275364081048914,6.48366996596856,1,Premium
CUST00325,734.3155043393407,10.302149160872409,81.91032142463634,24.559183207661686,5.9159466453127685,0.9328903763411063,0,Occasional
CUST00280,667.2956307843367,18.823410722178256,60.79099329742904,11.991324090987868,3.2546260215614966,4.1268542149680325,0,Occasional
CUST00294,380.62031661999737,7.713194692553023,57.02183759085864,7.751815659600151,8.456291851042327,16.587160135527203,0,Occasional
CUST00478,192.7028270502358,6.017319086036197,20.702449647892657,34.29574885590756,0.5601974124801128,41.65766736364183,0,Occasional
CUST00123,2265.9990051915297,45.02748256080392,166.71568672640467,0.0,3.2384517222547844,2.7505599851464475,1,Premium
CUST00184,2531.8866130179667,30.490116715363165,118.55733957146282,11.576853314053638,4.471166184856747,6.8985737438219195,1,Premium
CUST00203,763.0340064211879,11.183721939806262,83.96809714007054,22.564585897146664,7.3020294703503215,20.726400188880383,0,Occasional
CUST00324,465.5673481990226,11.246463490942467,93.84419291099866,34.03192880769614,6.203013774188129,20.09373134175492,0,Occasional
CUST00247,638.1775932314549,21.303119167526738,63.21246744008119,25.261561802026165,7.981327699645311,7.342663870984657,0,Occasional
CUST00513,192.97228057936127,4.850462156870544,24.99104222401688,74.39178908994458,8.303301751115205,35.61563840397906,2,Budget
CUST00458,143.72408302922756,3.0989275856285157,26.009321571447796,49.305844796571535,15.577206840934762,30.852601134459157,2,Budget
CUST00479,225.72895451752117,1.4531709223806386,18.34971331239139,39.89432248378796,5.934738601537178,62.06935154100073,2,Budget
CUST00500,253.9125080573582,3.27603528937325,31.468381996816145,62.09584874622981,9.606163183061065,53.92035317055276,2,Budget
CUST00530,147.48099598642844,2.4711392776455727,22.50688452840224,59.43647110766956,7.954942435834984,43.31754149834124,2,Budget
CUST00389,750.4601408034808,8.060020289102233,69.52328460219356,18.549745434522528,12.032778337201542,28.984757043532312,0,Occasional
CUST00126,2307.0613177448527,42.38464814683187,131.14928576215632,13.844715466881315,6.764349760408098,4.189534611988711,1,Premium
CUST00582,238.07992827323187,3.6778618083857197,37.36185721357248,37.02352269530744,10.299538875298337,75.81817641931165,2,Budget
CUST00224,817.3838238572739,17.604745100135585,82.6325986476317,30.156467295871842,5.790603642713586,13.647651666409173,0,Occasional
CUST00343,765.8486544083343,12.947821554876985,72.5987473128538,15.176675594465253,14.11195532183816,3.56190953859765,0,Occasional
CUST00054,2104.0986350928097,32.07885752943058,181.53961058107507,3.585037208871971,3.062171175542306,12.33539043517675,1,Premium
CUST00220,898.7433519072447,12.112088748103506,53.597148670716415,22.913372332763334,7.42980890197194,8.115503974151428,0,Occasional
CUST00130,1922.0272175783425,34.89032094580235,171.29436043339808,3.521856498917895,3.1514265759136673,0.0,1,Premium
CUST00544,227.24896226313152,1.4472647223075583,22.65277527148821,58.0623202210722,12.12851295637896,51.068177896292354,2,Budget
CUST00394,769.3318733515937,9.081691223457414,60.48853122729898,32.721363941829324,6.110416497290864,22.470394214785326,0,Occasional
CUST00448,152.51509189991233,3.97272747857018,20.03342891455529,61.274125128988366,3.6005303508171353,59.678892954974465,2,Budget
CUST00546,150.77318635108932,7.320185693287101,26.81730238709973,59.46790672072366,8.070531042492915,35.26410370438081,2,Budget
CUST00396,979.347634209232,13.810153675918368,60.11452834889407,28.136087498926052,0.43106529865662857,10.721285713864278,0,Occasional
CUST00567,192.0806911928953,1.3572993161507232,36.27924973820022,44.48728643067306,9.12002615412376,55.76022686413016,2,Budget
CUST00403,196.87038993860875,4.824328642792601,31.994221431352514,78.59352965650709,7.775191684113809,34.304293774630295,2,Budget
CUST00387,887.313665861576,2.6226267663245046,81.63754717238197,26.587049285011517,5.634584327839999,7.129546325840225,0,Occasional
CUST00581,120.53362106475898,8.009013437178453,24.282153840707053,43.15533814555736,9.903439345266209,54.675250339725906,2,Budget
CUST00295,738.6460631381741,10.585541033545422,46.26410043982921,22.868691727398584,6.2837775988731,29.31955556150502,0,Occasional
CUST00501,213.18460722151468,6.7144207071132245,20.516409521645016,42.807801647101336,11.201014972134796,41.34707937412708,2,Budget
CUST00483,193.04642491819567,6.991269612235665,31.019069861701425,57.75352437350116,6.771317891787602,59.62127722629872,2,Budget
CUST00416,261.4057894478378,3.6420413712960356,20.717955466955374,48.1994436962782,10.865315088681665,45.98298871245076,2,Budget
CUST00113,2021.7550132909616,48.46360715700675,141.98954946031478,3.8596875438374365,4.11116417730025,1.5432534761696974,1,Premium
CUST00180,2285.7478418807627,35.253803414259046,147.26908675678146,2.789391532662142,3.887625418766209,6.252415876226044,1,Premium
CUST00422,163.1559959489573,3.6338163968296504,27.391345220673205,73.01483036592653,9.341485526410352,43.26997507788996,2,Budget
CUST00468,259.35025989138734,4.457247014136551,37.23450783173836,60.223047486052764,8.844283198060637,16.560222012809035,2,Budget
CUST00450,229.1462501347283,9.785353446036483,32.807872402352416,72.0827136671804,9.743338310075663,44.43367448327204,2,Budget
CUST00374,459.20931293011483,11.948244927585648,90.59137637191459,38.572693463766804,2.350188854131785,32.74329671298246,0,Occasional
CUST00315,784.8190628753639,5.270694072835893,49.80974222917757,34.522445628080945,7.468151816815228,23.968965664710286,0,Occasional
CUST00152,1889.3038741522564,43.07950391506042,151.13066885502525,6.802941184458975,3.903537201881968,7.887972717460524,1,Premium
CUST00583,174.78240146363873,6.002170865244931,23.435021353538495,46.45535000580444,16.513516527972516,46.17675196166867,2,Budget
CUST00234,712.9758312882193,5.458147006168568,64.74443165993806,28.316930280213626,4.809258476286625,32.662635574186666,0,Occasional
CUST00307,550.5372060996416,3.5712306106812477,58.198425524471105,25.258960805816244,10.2026455809389,35.48304946823288,0,Occasional
CUST00550,209.98728625774794,6.499531107316247,34.35416087256137,57.869791415601526,5.331804214156957,53.52666458391919,2,Budget
CUST00165,2451.5467611209033,37.24994581808254,158.00369128039927,9.363165632008423,2.928778527619818,2.044525903067521,1,Premium
CUST00318,756.4066554433917,17.248101048879658,57.073608033267114,33.20278427406204,6.322602540160903,23.239858551397415,0,Occasional
CUST00137,2294.0541542350584,33.97315833562051,129.22457364764514,11.111069556339702,0.6982709816288661,5.185113902151104,1,Premium
CUST00411,125.93795824470288,1.6639308002218067,19.925352051795635,83.31726321195535,9.164824267126479,12.072243802166874,2,Budget
CUST00198,2081.618463142123,39.37526824469041,156.2520257550729,12.236894955585283,3.242355898598924,2.220400666528548,1,Premium
CUST00569,71.42298186496625,6.651427282850619,41.25120131822803,43.98749230599689,10.21240753980132,52.359103536838326,2,Budget
CUST00259,960.9472062896517,19.14127357689891,76.27694698753184,28.147014962032777,4.191841910909333,28.67669113171076,0,Occasional
CUST00233,522.3807502152591,8.527226277436881,67.1890744121716,16.0613791835898,7.978452642755688,9.704740475709004,0,Occasional
CUST00116,2041.1521872808594,36.22057427879175,146.89290452472105,3.1364363035834772,5.315015516042267,5.236966149020029,1,Premium
CUST00121,1892.9507522134404,42.69410205450597,120.59700960697175,7.615284252306671,2.364186902743075,6.350951834131439,1,Premium
CUST00489,262.66417417648466,7.573684525291005,21.822445520663408,56.84895990578642,7.3754654181160575,46.342634996457214,2,Budget
CUST00377,783.4112910734726,12.11769430233989,44.797961768306514,9.85463071009516,7.443085994290966,24.035557181299747,0,Occasional
CUST00385,437.18521409095433,11.522535202892493,75.31641697399809,18.712187136549158,0.7784910329165529,25.47230330493905,0,Occasional
CUST00225,564.8654507043137,12.725256871445678,67.88631676652273,17.96286058105995,1.9995770437973963,11.202733233245269,0,Occasional
CUST00568,206.37096865748572,8.505295109101878,19.54708357975653,47.56428420383186,7.867346684453977,27.14484767747445,2,Budget
CUST00457,239.75632108933547,5.536325561910632,24.511861191772734,49.69969846992407,6.410162286081923,48.54486423042301,2,Budget
CUST00348,590.1571927896887,8.78703963219318,69.70728530160683,17.72717689117315,8.809708067570364,14.465842055981495,0,Occasional
CUST00128,1843.3710837031447,37.598280962610794,142.62971633610906,11.069268961844907,3.827584634380428,4.704661993076361,1,Premium
CUST00591,130.0042445077652,7.95918074730187,30.12583288162336,37.93537880631841,4.705190349128796,44.25614538177091,2,Budget
CUST00286,737.5669450391141,8.762054724428936,74.60320488993138,27.13388934381313,8.331218876972695,22.90407398171613,0,Occasional
CUST00554,54.89830219920732,5.227750388284025,5.0,53.39167335028761,5.777127333548831,19.438505615288914,2,Budget
CUST00044,2269.648396920016,29.197728527654057,166.41323311056334,8.68784132974824,2.8134027006930165,5.305777662117972,1,Premium
CUST00108,2098.2900772298312,45.80026756819375,148.69768542927295,10.234195837096895,0.4459671100595437,2.616201634624835,1,Premium
CUST00565,248.0141221725375,3.9159921929480577,25.226613960663528,47.261676320352045,10.94275583676206,65.71918523338388,2,Budget
CUST00445,229.16058582358482,7.8941173920622045,19.683306621931226,57.410203567311164,10.940490235478324,61.59009437254179,2,Budget
CUST00134,2133.333190870368,31.917695801357606,149.04667901286277,7.249316036286191,6.294787995206659,9.145122780133391,1,Premium
CUST00496,312.6384526435944,6.908696658183395,15.316810177737691,41.39474769496326,11.481489575725432,44.37304158186731,2,Budget
CUST00045,2235.0057427422184,50.77548267216979,133.14427698271243,6.650699351725976,3.2621156520922887,2.713029625917043,1,Premium
CUST00170,2187.7712421593696,43.06631114291192,143.75947174972208,14.727266477203296,3.0692237483705114,3.909250129079603,1,Premium
CUST00066,2438.0041705599774,44.076294906918974,130.82649430121333,1.1773911359379312,4.6620637153359485,4.819244460796139,1,Premium
CUST00284,819.3757982829661,13.319774154629059,83.42631218420226,25.811579445200394,6.475344151499205,22.215669401754923,0,Occasional
CUST00086,2346.0917442356745,35.170851155300305,136.59184837671592,6.083587316352079,3.577833334337414,3.7750005115199925,1,Premium
CUST00243,952.5379314307033,6.437258280098975,28.78838223453444,32.03163222160714,11.749334630206231,8.850620125070627,0,Occasional
CUST00187,2254.9703311665717,40.63781963610196,116.46770561141396,8.176849512416792,0.19146180381850186,4.051406886256436,1,Premium
CUST00327,743.9400735245937,16.794079346066773,50.89204676748175,20.33507942157847,12.619575921421205,2.2442059310155784,0,Occasional
CUST00160,1844.5168700748927,37.114827918557886,122.22405373538163,9.770182496816211,3.8160723537625336,0.7469474895212906,1,Premium
CUST00013,2219.8092092683646,38.183788955566506,126.43471119689647,2.3050622584037592,3.505769629939798,3.4977657687292516,1,Premium
CUST00036,2538.6916878162674,34.07512135959322,127.89998574382538,6.855108200637323,1.2113079078449425,4.995822045669954,1,Premium
CUST00029,2323.8197834787966,32.88053989664708,112.3563696924592,3.8376557899502677,5.428379657857003,4.986101083326964,1,Premium
CUST00171,2003.5636913711828,38.06855633336396,111.03745481169905,14.915981363542814,2.43440850170486,1.5523880084351176,1,Premium
CUST00143,1560.3861157806073,38.43220143939547,144.95331802217885,3.91750792194665,3.9815334179876376,0.0,1,Premium
CUST00237,703.9878011989148,10.240049181881165,38.52169527045726,26.756679417439553,4.61233285102626,19.687208630267577,0,Occasional
CUST00464,108.6671907841437,2.1423691315474436,49.476249831974584,57.04609823223579,15.447641909869962,24.282541027638395,2,Budget
CUST00497,172.6749667217165,5.990545892137196,32.830730729897596,70.94174572950077,10.768888248146398,60.052144363164956,2,Budget
CUST00222,893.5845643481762,11.162364691841567,65.69836209991792,31.153889664297026,3.630040938397191,13.8531547236167,0,Occasional
CUST00545,177.26651239472756,7.039021835329259,23.943190297494997,50.226665032717506,3.126944960524611,41.00404387211237,2,Budget
CUST00096,1765.8662582730738,39.05907452823468,158.71094250930298,4.870334664154217,5.098679221086814,8.67887886694685,1,Premium
CUST00052,2389.386467751562,40.04933330564306,146.9755178809259,7.303309064780168,2.0204996341975816,4.387794246683454,1,Premium
CUST00241,891.5471248297065,9.341495999747476,42.933271484226644,20.30143389788977,8.767919168363559,29.835005741200835,0,Occasional
CUST00508,201.52776503437525,1.0,25.160298326930494,56.58158112412984,11.816060297286617,51.715725451426025,2,Budget
CUST00352,784.340930787174,9.102629922367196,55.71580171112955,26.962968071962656,8.194477223822805,24.97281050496777,0,Occasional
CUST00517,180.65897355494408,5.229867823162025,37.607362308363115,46.99898979751773,8.353115987835011,51.69691531867781,2,Budget
CUST00179,2164.4085021670353,47.62552616910285,134.9496533139407,8.241543713697668,0.1663158148062518,6.098628793351812,1,Premium
CUST00461,104.435215997632,2.983382227451476,13.250884557477665,69.14141020381997,9.429794810789266,46.52730919654948,2,Budget
CUST00527,175.79922847123197,3.190384993571156,31.405752973357245,54.48780284527028,11.340990125435424,50.77084971877851,2,Budget
CUST00042,2362.9462804915584,37.43442467448466,146.5732400456496,10.796786926779552,3.07115295396925,7.921682384652203,1,Premium
CUST00555,203.3422554260258,7.158019278472226,7.974643664113504,47.70112324795256,7.619372531028408,58.902838703648115,2,Budget
CUST00523,167.17218828900263,1.5307770061256094,14.81638057008214,63.251829814108156,9.662061848067049,40.315977080900204,2,Budget
CUST00207,593.1494403380937,13.023627400416892,72.62118657798598,28.816281017811665,5.7174162739475,16.350750431077138,0,Occasional
CUST00393,618.6163269832263,11.304649199621535,69.10763597462685,26.85328355389214,3.0025653260069634,6.720896948642496,0,Occasional
CUST00283,397.88461077020656,12.458337748095513,56.93282980464291,21.34552015409069,2.538975250800718,28.839523911661804,0,Occasional
CUST00359,638.4490039982336,15.236485243960974,49.53924452101491,22.709070913078595,8.032454526274181,29.67411654740302,0,Occasional
CUST00398,672.6250236024607,12.954403163713774,62.778913931783684,24.26767984465434,6.042216248620514,18.53361954858192,0,Occasional
CUST00255,591.1912716988037,17.868725002836168,61.453303700532295,28.80102453878407,7.099353439714651,28.270289343511198,0,Occasional
CUST00218,362.5324333072589,15.981961131781272,38.34520041010887,32.46111074392896,4.019099651934033,19.21541145173994,0,Occasional
CUST00005,1614.689443403849,25.698967393813867,150.42334511464225,5.453538867591057,5.574662223210131,5.008979873599867,1,Premium
CUST00257,816.1742055798057,21.198356372149277,70.82711301277311,23.650785972796378,4.521420693313322,22.655963947655476,0,Occasional
CUST00564,280.9430151204059,6.778254635054015,19.109815067693315,63.1193746213183,5.28670347684389,42.45188274630391,2,Budget
CUST00534,188.73088832013573,4.075320588957426,33.451084688247064,47.51676988444768,7.410066660282276,50.27896156227986,2,Budget
CUST00431,88.6680434885143,5.180313655335146,17.678194230773407,53.801985034054596,7.204489518878461,20.924160314941147,2,Budget
CUST00101,2086.5512337881833,48.36410128498511,167.2772445962782,12.451863566641055,3.7793834106400044,8.39029794921354,1,Premium
CUST00227,809.3071351111519,15.29770824953992,29.83553159316984,31.884237663691565,7.6954601364293085,21.20737221445197,0,Occasional
CUST00449,226.13795229442474,5.582410402262987,31.289594149223316,65.66779816485578,12.489394719847073,36.92551357025026,2,Budget
CUST00548,301.2383819265499,4.060269501560855,28.379739393897815,53.633003283362996,9.710364467694369,60.73429299542163,2,Budget
CUST00572,218.3961699480475,6.153416723086803,24.573577048070764,63.263340411746654,2.8549107438230212,56.774314330318774,2,Budget
CUST00214,592.9669027944467,17.04374929425194,66.17898059172556,24.943065158971873,5.969411653124862,34.22656725375858,0,Occasional
CUST00360,661.9055982928328,11.416758167644737,66.05628690990933,20.31158688019553,3.7684172187130973,32.57068652865894,0,Occasional
CUST00172,2333.8216604446243,45.97376354262194,138.6403948803119,13.436882401182448,2.7876361387548476,0.0,1,Premium
CUST00099,2319.9322680170308,27.459669305128504,100.18376009752004,4.339375536616295,3.957751077040923,7.920990534032271,1,Premium
CUST00293,640.8140722195909,9.509839389337788,44.27076452954551,15.904619348716524,6.395621439363456,29.621606452289168,0,Occasional
CUST00216,493.2986084728201,8.591364776137624,72.98194060822158,21.302983398620434,6.477893351488921,20.11118567466009,0,Occasional
CUST00062,2099.5344910042677,36.40167505994627,123.33262388101188,7.929748694090216,0.1154017288811775,9.362150544372374,1,Premium
CUST00407,197.44399067200933,3.0143063843321207,38.809058997356075,31.31580788309678,10.918762122390122,55.64492798456814,2,Budget
CUST00048,2267.0786646324045,49.02148116992788,133.3702365580549,1.0773135779711271,4.702571149689578,6.62778338987588,1,Premium
CUST00033,2046.3271812785388,39.893630021542045,137.37826698624548,6.378922938202672,0.7444384702165721,3.4989167678093005,1,Premium
CUST00418,142.07485063146535,6.8607557152457845,31.23895690018221,67.6862712428964,13.833051301922001,59.16623802810409,2,Budget
CUST00268,799.3122301872629,6.558966534842692,65.02999034622631,30.428191611200226,5.9029886439143535,18.28580045956428,0,Occasional
CUST00328,461.6653653731912,11.318446306575556,57.0609153995016,16.86220527118687,4.428681664376294,31.75949784752985,0,Occasional
CUST00201,501.6188300062481,16.73012296701063,64.17597700695623,24.682349741224176,4.644147060439474,15.68371854463088,0,Occasional
CUST00135,1758.7581116492026,38.19669255725756,108.68481855638971,9.112574905818509,3.6192401638183336,4.505186673811344,1,Premium
CUST00028,2309.6332193092235,49.26106766769002,174.41539662331968,13.450570559213364,2.764778289149758,5.108179780393386,1,Premium
CUST00525,293.5829331253526,3.829242996053913,19.59002642109108,57.911731255886345,12.640405979759084,31.193163656260502,2,Budget
CUST00506,235.16542059881914,4.647573882076048,25.32944016279342,55.5358993715616,11.063833907071377,69.72168242735819,2,Budget
CUST00231,617.5671068304875,10.916287479368767,46.701863827377174,30.978176409147643,9.92473982063973,23.880654136513037,0,Occasional
CUST00490,179.86498532975057,1.1804741885074383,22.34045972528184,66.63291748897846,4.885983036234921,41.44110421353897,2,Budget
CUST00261,849.9004498711734,15.851842292997791,100.80427699360884,30.24494448937106,1.6589862707549532,0.9816760661601514,0,Occasional
CUST00379,743.684712527107,3.1432505158279884,48.178534309741174,37.60066262086985,7.809020560280029,20.341048195501976,0,Occasional
CUST00289,1000.5264115602013,13.313471891326152,62.879067467842965,12.510376622488957,4.111966546996487,27.768050687673504,0,Occasional
CUST00419,216.97412379319877,3.4575396675307224,31.022977337191044,59.54367188605643,17.936372323190923,47.04903424519051,2,Budget
CUST00392,921.6090451255053,6.360121187664497,64.88143226940146,29.362586095736482,3.2067795361736904,25.64775797359053,0,Occasional
CUST00499,147.11562400531062,5.786459553969655,18.09759984341384,79.1589574575352,7.2344707505362,41.52829803466813,2,Budget
CUST00139,2799.019267507536,44.93187221664018,92.11479390199057,1.5205120224329205,4.880578929767178,4.733610656862497,1,Premium
CUST00063,2248.8259195315018,39.393019337757536,108.20865013382061,4.390307620829949,2.8831775122826353,3.6305865673258326,1,Premium
CUST00472,154.00604060261873,7.871956249603551,19.579907634465865,57.493007171369484,7.695025273504688,40.45197574934254,2,Budget
CUST00129,2008.0745401750758,30.967956844431104,145.1645764664539,3.439356323495078,2.53546134015153,4.268311669467987,1,Premium
CUST00584,200.38851446942584,7.1319552594862685,27.074301132279263,61.779007375274944,6.324362639986322,44.07502021190189,2,Budget
CUST00521,167.08533260543072,5.3514009123297,19.224043682106306,59.00258813963446,2.574972726818471,34.08948389011302,2,Budget
CUST00065,2413.3679739378567,40.82923113527083,117.65231774020785,7.673648921259516,1.6129876708554385,3.0668986393609314,1,Premium
CUST00015,2340.2528026756136,36.03396143382823,134.30231867234852,4.773604382770509,1.743867832549252,1.864868871241093,1,Premium
CUST00157,2239.0823564418656,39.406405356192174,124.92944839285244,4.31659840876349,2.031939736854648,5.004019540263461,1,Premium
CUST00041,2422.9762513610326,32.73883533099447,136.2151131812719,2.022377520722774,6.81012042812894,2.1356245486075354,1,Premium
CUST00493,225.95732716357398,4.87336028057808,24.247878607318757,66.24852360303578,7.021006277897151,40.76978277097186,2,Budget
CUST00380,921.0417088379643,13.38290631920632,86.9353289521004,28.909348195738456,4.879773189528353,19.30636239326301,0,Occasional
CUST00188,1832.6592904838499,41.145127056876625,123.25073191829614,7.188344060817809,3.6620803099923913,6.0960912261913025,1,Premium
CUST00217,428.4071980029408,20.917094442223892,108.7136697262313,30.31482939391945,5.915750774687904,20.090221572949282,0,Occasional
CUST00053,1762.8532540433,48.372185866433554,179.020251202526,14.671550444478079,4.817202719784222,5.328943263722026,1,Premium
CUST00338,798.6832015649769,5.250609222346593,62.15666732691082,15.7045247489593,8.53891218692319,26.676204378952463,0,Occasional
CUST00296,826.8224662722781,7.584045458513354,71.15318023519328,20.34724852574716,8.35406614839506,27.421939196409642,0,Occasional
CUST00252,927.5188985708872,14.039592993906142,84.09324153131996,26.850256181946918,2.3258856670483787,19.323840947908213,0,Occasional
CUST00462,101.20993690800377,3.5998319407082224,30.062946588458303,57.39085649499087,4.631270691652167,23.810384660981676,2,Budget
CUST00456,185.37556604210607,3.82816357909683,37.60301319548432,41.340079276468686,10.368013829684084,32.308467957340035,2,Budget
CUST00598,197.21346709755628,4.484957602180417,43.648197372464566,52.522650899073525,7.959085477747515,36.43296128460394,2,Budget
CUST00270,789.033204235835,4.929511548242476,54.519793460227554,26.88455896511915,5.411987106464952,16.35615000916146,0,Occasional
CUST00202,627.0708803951429,10.70406089801428,81.99034730779383,28.53963683975769,4.002366866638691,18.585126451417633,0,Occasional
CUST00162,1982.432180639274,40.30036318612097,146.6859025699543,10.54148457144511,3.262054232386839,3.910218057293583,1,Premium
CUST00402,238.81145230030933,7.822633971753424,32.758435899133964,63.252306221413384,13.653983257225896,57.37406834421154,2,Budget
CUST00477,58.102825880218376,8.13155906240651,14.42243227130041,54.89279358529635,12.844373944480864,12.937491058791181,2,Budget
CUST00106,2138.368732639711,31.682608935776308,129.1300898413473,4.0961647355403805,7.120596341048157,7.102169470578757,1,Premium
CUST00390,562.6264784055343,10.177888619986279,80.23272824724394,14.118052499262605,7.646948622230733,19.64003833885595,0,Occasional
CUST00002,1888.0047681278513,46.444891167882304,143.93552193313914,5.689844450577398,0.8326023452838789,2.8121391908790154,1,Premium
CUST00559,266.1003706793361,6.500296526464667,26.474933657405312,37.51617495062479,4.921661967330228,53.71798217991379,2,Budget
CUST00081,2337.0325712672234,40.88086042034966,144.4615948525055,11.267103468803164,3.4511196790203615,5.731257441204944,1,Premium
CUST00206,598.8681307413236,14.778682446513635,85.3718164380089,9.632672592838547,9.368034763691217,17.645218211782,0,Occasional
CUST00035,2384.7938267726486,33.62549697353835,158.5659398313697,6.758064095216225,1.4942161655427582,3.4162470880270597,1,Premium
CUST00509,234.3155640896373,5.604516436970923,15.407062990838158,39.47794168793949,4.9641360896469875,53.18818256608718,2,Budget
CUST00428,145.38909161110126,7.932405639251364,40.395968296100584,38.700839261694526,8.7490132641253,52.876439609588964,2,Budget
CUST00455,155.3679607190991,4.958587271787533,18.42486582765568,49.58589571312703,7.518517561355572,66.92698751320958,2,Budget
CUST00367,530.9518134698704,7.346104800830916,46.749223724203894,26.9071069986994,14.437947744716169,28.955177295987042,2,Budget
CUST00092,2170.4543546471727,38.915375072614815,147.3306281447446,7.016953999948394,1.8845422250095705,5.0255168801694605,1,Premium
CUST00340,667.9293162864263,18.065474586901345,66.67025644097167,18.587049273852394,9.777344548004208,26.751495132426847,0,Occasional
CUST00346,1046.4766633135118,11.053364701392399,53.38022215606905,10.577150428656939,3.9172087132557936,12.24159683907941,0,Occasional
CUST00242,549.8062850865184,13.442366710627365,72.54573002565297,25.087884108220205,7.980112475371005,13.55205112934562,0,Occasional
CUST00014,2538.17236209041,35.094983399998526,154.98867799455482,9.785288590172254,1.992084517178779,0.03471397044444835,1,Premium
CUST00316,975.433875959503,12.841165164344586,66.8989506541654,0.6189394771779675,5.222372222054751,22.93066346920035,0,Occasional
CUST00388,537.0148210614115,15.7710632049011,41.11980496637817,18.862263451754878,4.594722906301627,25.348442746053887,0,Occasional
CUST00274,755.9578477651268,2.9583409706485906,71.75031010132749,15.445076154204328,5.215314296800795,27.267146378138435,0,Occasional
CUST00167,2479.4719038622734,33.53847062712462,136.80703385155965,8.334484309642228,2.4883358573183534,12.372272276227676,1,Premium
CUST00595,83.50885132730751,7.200741361394446,21.116830376687016,53.61035788033881,11.335146181171792,39.35107915464772,2,Budget
CUST00485,173.9821399533955,2.0289216809554524,24.984652799927566,49.350140106693566,6.037936717995521,58.11513642669581,2,Budget
CUST00586,239.6610280874591,5.188939983639276,21.423419265057085,38.58469267141764,10.704495787277706,75.48505537065506,2,Budget
CUST00505,253.06351124706816,5.421729204176175,21.728807278329683,54.15141289930645,21.354048779441136,47.4228697823077,2,Budget
CUST00244,620.3535243166427,17.754821929436925,74.7259101685807,13.021014639243706,3.7096820480680184,27.54074896719834,0,Occasional
CUST00563,259.6893972537478,3.9329609486342414,27.435484182510525,61.65755826070376,9.862031877207025,26.15917810697943,2,Budget
CUST00190,2695.2783796693748,29.5234046966458,172.22232296999243,7.395792489572283,2.0344196825507104,4.577036307666744,1,Premium
CUST00476,182.1888453368539,5.7309746900770095,7.057379027116532,44.71388315467084,4.472054239692156,54.16113233694291,2,Budget
CUST00511,143.91235130645964,4.898743773886018,21.120082205906208,57.82143931781998,6.9753229332306645,52.660619238202706,2,Budget
CUST00059,1940.250665292027,37.19706221290375,146.6614074523651,12.850075347326403,0.0,5.355043740164613,1,Premium
CUST00475,125.54294963396397,4.520765689130706,25.935841872191094,70.21148272964686,1.332736512939694,25.363574214180215,2,Budget
CUST00561,201.53738643908827,3.611069516149294,14.847283081121502,54.38118592628544,8.776218271818927,55.76588413125095,2,Budget
CUST00253,580.4633516054964,11.579103462996516,73.0444545377134,22.605296737986222,9.476848747130699,25.401157279159186,0,Occasional
CUST00022,1995.7211366788176,39.45498074762733,123.25203552345076,8.128430695883738,5.875553879832925,5.948143611932859,1,Premium
CUST00314,760.5931031103418,4.010133228440561,63.30247385406654,1.6627209544234702,6.595735862044551,20.447514801059206,0,Occasional
CUST00460,65.00415194890735,5.899630653113069,17.881677389622418,51.210526166139935,7.650280983575302,56.583172160287575,2,Budget
CUST00161,1910.4649713302883,37.08486480528585,138.58639236695856,12.998661068175108,6.233748796997215,1.4387887208768895,1,Premium
CUST00277,610.0375826321703,20.383995000901756,79.82797794277194,30.838630312124238,5.896575404896101,9.775293098305573,0,Occasional
CUST00192,2146.1442360152196,38.3261215123423,144.98072244613883,2.9987378443074144,5.95854902134846,8.022532312959676,1,Premium
CUST00386,714.1274587348469,5.516345926767394,83.19325537584734,22.680995076201043,6.052003887453922,15.087321797245053,0,Occasional
CUST00414,93.51895201595677,4.215547974159434,20.72963248272633,56.423970036687955,4.899283222223297,39.629059956432386,2,Budget
CUST00492,137.89398322399305,2.935935509676845,28.372934639278636,47.01925935566052,10.10937671888086,30.670327367702868,2,Budget
CUST00344,620.9926912080688,11.58016737599931,45.32295251334183,7.55707033009449,7.182712948326092,18.491310935951923,0,Occasional
CUST00309,283.30085789071416,19.99005671121905,80.37382539688099,21.241307932010184,3.6055399267354984,30.328232441473084,0,Occasional
CUST00131,2083.0570590532698,47.06737059966033,132.7645904511166,9.791254866890842,3.012033360872143,2.317377944061568,1,Premium
CUST00100,1928.3562833919818,39.96797290228466,110.0987833954559,7.195581381924678,0.0,8.725879990441433,1,Premium
CUST00373,760.7282631453563,13.366034742147212,45.56988223300947,25.837520239105007,5.101040807833903,19.08177640798462,0,Occasional
CUST00088,2203.7482356183064,38.31480079013746,148.60602717915106,13.993497761186928,2.1373211235209792,0.36912439243375506,1,Premium
CUST00459,69.45693227815968,4.640119824233388,22.28315979514745,46.93782712286553,5.493740703267212,41.583516816279854,2,Budget
CUST00331,418.30168510511385,14.221440914034302,63.636936055610555,11.246710928991627,6.294005742298149,12.78311089455159,0,Occasional
CUST00215,302.2437497621197,17.471629802883882,54.82892707259751,26.361415545535458,10.77065641686534,13.068670890724489,0,Occasional
CUST00467,153.5695283491204,4.200902116823143,29.081109724907527,58.07790374132248,0.0,65.43687366000319,2,Budget
CUST00122,2253.782690486895,36.856093654969044,122.2460868857088,12.51207542939721,1.2659894873531474,5.00932565055691,1,Premium
CUST00021,2144.541290936422,36.656847098717,141.8425331686822,6.23739031372103,2.0375177522691756,6.019626083578111,1,Premium
CUST00072,1860.0138357989558,39.89896557003985,131.8584352729935,9.08947902109696,0.9842141007529106,1.6561491107962194,1,Premium
CUST00107,1914.9933835268257,35.99326296586474,188.40830024494807,4.357700464314206,2.5491371015438014,0.9325580866203378,1,Premium
CUST00271,930.5448480876466,12.43794143778835,63.660193959488986,31.97547493215561,4.973541327803859,23.33094518511164,0,Occasional
CUST00436,122.51930395792624,7.414850056622402,24.139730045871488,60.841822565791404,11.18317503939981,52.893030271858436,2,Budget
CUST00103,2093.1208086815723,43.18296808218913,125.61039533430419,3.8767451189153848,2.705115020163665,6.795041141224648,1,Premium
